{
  "Deep Dive": "Deep Dive",
  "Demographics": "Demographics",
  "Essentials": "Essentials",
  "About": "About",
  "State": "State",
  "Confirmed": "Confirmed",
  "Recovered": "Recovered",
  "Active": "Active",
  "Deceased": "Deceased",
  "Spread Trends": "Spread Trends",
  "Cumulative": "Cumulative",
  "Daily": "Daily",
  "Scale Modes": "Scale Modes",
  "Uniform": "Uniform",
  "All States": "All States",
  "Maharashtra": "Maharashtra",
  "Gujarat": "Gujarat",
  "Checked by default to scale uniformly.": "Checked by default to scale uniformly.",
  "Tamil Nadu": "Tamil Nadu",
  "Rajasthan": "Rajasthan",
  "Logarithmic": "Logarithmic",
  "Delhi": "Delhi",
  "Madhya Pradesh": "Madhya Pradesh",
  "Uttar Pradesh": "Uttar Pradesh",
  "Andhra Pradesh": "Andhra Pradesh",
  "West Bengal": "West Bengal",
  "Haryana": "Haryana",
  "Punjab": "Punjab",
  "Telangana": "Telangana",
  "Jammu and Kashmir": "Jammu and Kashmir",
  "Karnataka": "Karnataka",
  "Bihar": "Bihar",
  "Kerala": "Kerala",
  "Uttarakhand": "Uttarakhand",
  "Chandigarh": "Chandigarh",
  "Tripura": "Tripura",
  "Odisha": "Odisha",
  "Jharkhand": "Jharkhand",
  "Chhattisgarh": "Chhattisgarh",
  "Himachal Pradesh": "Himachal Pradesh",
  "Assam": "Assam",
  "Meghalaya": "Meghalaya",
  "Ladakh": "Ladakh",
  "Andaman and Nicobar Islands": "Andaman and Nicobar Islands",
  "Puducherry": "Puducherry",
  "Goa": "Goa",
  "Manipur": "Manipur",
  "Mizoram": "Mizoram",
  "Arunachal Pradesh": "Arunachal Pradesh",
  "Dadra and Nagar Haveli and Daman and Diu": "Dadra and Nagar Haveli and Daman and Diu",
  "Lakshadweep": "Lakshadweep",
  "Nagaland": "Nagaland",
  "Sikkim": "Sikkim",
  "Daman and Diu": "Daman and Diu",
  "Tested": "Tested",
  "Beginning": "Beginning",
  "Month": "Month",
  "Weeks": "Weeks",
  "Tested chart is independent of uniform scaling": "Tested chart is independent of uniform scaling",
  "Compiled from State Govt. numbers": "Compiled from State Govt. numbers",
  "know more": "know more",
  "State/UT": "State/UT",
  "[05-May]<br>\n- Total numbers are updated to the final figure reported for 05th May. <br>\n- 796 cases added by MH govt. on 4th May due to data cleaning <br>\n- 143 cases added by MH govt. on 5th May due to data cleaning <br>": "[05-May]<br>\n- Total numbers are updated to the final figure reported for 05th May. <br>\n- 796 cases added by MH govt. on 4th May due to data cleaning <br>\n- 143 cases added by MH govt. on 5th May due to data cleaning <br>",
  "- Cases updated as per WB bulletin as it now provides total number of cases.<br>\n- Deaths due to comorbidities added to total deceased<br>\n- Zones updated as per WB bulletin<br>": "- Cases updated as per WB bulletin as it now provides total number of cases.<br>\n- Deaths due to comorbidities added to total deceased<br>\n- Zones updated as per WB bulletin<br>",
  "One active case in KA reduced as a confirmed patient died of non-CoViD19 related reasons": "One active case in KA reduced as a confirmed patient died of non-CoViD19 related reasons",
  "Mahe native who expired in Kannur included in Kerala's tally": "Mahe native who expired in Kannur included in Kerala's tally",
  "Includes one case from Nagaland": "Includes one case from Nagaland",
  "HP has 4 Migrated cases which are reduced from Active #. Also, death of Tibetan refugee is included in deceased numbers, but not in confirmed": "HP has 4 Migrated cases which are reduced from Active #. Also, death of Tibetan refugee is included in deceased numbers, but not in confirmed",
  "Total": "Total",
  "Search your city, resources, etc": "Search your city, resources, etc",
  "India": "India",
  "Map": "Map",
  "Hover": "Hover",
  "state/UT": "state/UT",
  "for more details": "for more details",
  "As of": "As of",
  "Last updated": "Last updated",
  "ago": "ago",
  "Total Cases": "Total Cases",
  "Cases per million": "Cases per million",
  "Based on 2019 population projection by NCP": "Based on 2019 population projection by NCP",
  "We stand with everyone fighting on the frontlines": "We stand with everyone fighting on the frontlines",
  "report": "report",
  "District": "District",
  "Beed": "Beed",
  "Bhandara": "Bhandara",
  "Jalna": "Jalna",
  "Chandrapur": "Chandrapur",
  "Gondia": "Gondia",
  "Hingoli": "Hingoli",
  "Osmanabad": "Osmanabad",
  "Sindhudurg": "Sindhudurg",
  "Washim": "Washim",
  "Yavatmal": "Yavatmal",
  "Buldhana": "Buldhana",
  "Kolhapur": "Kolhapur",
  "Latur": "Latur",
  "Nandurbar": "Nandurbar",
  "Parbhani": "Parbhani",
  "Ratnagiri": "Ratnagiri",
  "Sangli": "Sangli",
  "Ahmednagar": "Ahmednagar",
  "Nagpur": "Nagpur",
  "Nanded": "Nanded",
  "Satara": "Satara",
  "Dhule": "Dhule",
  "Other State": "Other State",
  "Akola": "Akola",
  "Raigad": "Raigad",
  "Solapur": "Solapur",
  "Amravati": "Amravati",
  "Palghar": "Palghar",
  "Aurangabad": "Aurangabad",
  "Nashik": "Nashik",
  "Thane": "Thane",
  "Jalgaon": "Jalgaon",
  "Pune": "Pune",
  "Mumbai": "Mumbai",
  "district": "district",
  "Visit state page": "Visit state page",
  "Chhota Udaipur": "Chhota Udaipur",
  "Dahod": "Dahod",
  "Dang": "Dang",
  "Devbhumi Dwarka": "Devbhumi Dwarka",
  "Gir Somnath": "Gir Somnath",
  "Morbi": "Morbi",
  "Narmada": "Narmada",
  "Junagadh": "Junagadh",
  "Navsari": "Navsari",
  "Surendranagar": "Surendranagar",
  "Porbandar": "Porbandar",
  "Tapi": "Tapi",
  "Botad": "Botad",
  "Mahisagar": "Mahisagar",
  "Patan": "Patan",
  "Kheda": "Kheda",
  "Kutch": "Kutch",
  "Mehsana": "Mehsana",
  "Valsad": "Valsad",
  "Rajkot": "Rajkot",
  "Aravalli": "Aravalli",
  "Bharuch": "Bharuch",
  "Jamnagar": "Jamnagar",
  "Banaskantha": "Banaskantha",
  "Sabarkantha": "Sabarkantha",
  "Panchmahal": "Panchmahal",
  "Gandhinagar": "Gandhinagar",
  "Anand": "Anand",
  "Bhavnagar": "Bhavnagar",
  "Surat": "Surat",
  "Vadodara": "Vadodara",
  "Ahmedabad": "Ahmedabad",
  "East Delhi": "East Delhi",
  "District-wise numbers are under reconciliation": "District-wise numbers are under reconciliation",
  "New Delhi": "New Delhi",
  "North Delhi": "North Delhi",
  "North East Delhi": "North East Delhi",
  "South East Delhi": "South East Delhi",
  "Shahdara": "Shahdara",
  "South West Delhi": "South West Delhi",
  "West Delhi": "West Delhi",
  "North West Delhi": "North West Delhi",
  "South Delhi": "South Delhi",
  "Unknown": "Unknown",
  "Central Delhi": "Central Delhi",
  "Ariyalur": "Ariyalur",
  "Cuddalore": "Cuddalore",
  "Dharmapuri": "Dharmapuri",
  "Kallakurichi": "Kallakurichi",
  "Kanyakumari": "Kanyakumari",
  "Karur": "Karur",
  "Krishnagiri": "Krishnagiri",
  "Nagapattinam": "Nagapattinam",
  "Namakkal": "Namakkal",
  "Nilgiris": "Nilgiris",
  "Perambalur": "Perambalur",
  "Pudukkottai": "Pudukkottai",
  "Ranipet": "Ranipet",
  "Salem": "Salem",
  "Thanjavur": "Thanjavur",
  "Sivaganga": "Sivaganga",
  "Tenkasi": "Tenkasi",
  "Thiruvarur": "Thiruvarur",
  "Tiruchirappalli": "Tiruchirappalli",
  "Tirupathur": "Tirupathur",
  "Tiruppur": "Tiruppur",
  "Tiruvannamalai": "Tiruvannamalai",
  "Virudhunagar": "Virudhunagar",
  "Coimbatore": "Coimbatore",
  "Dindigul": "Dindigul",
  "Kancheepuram": "Kancheepuram",
  "Erode": "Erode",
  "Ramanathapuram": "Ramanathapuram",
  "Theni": "Theni",
  "Thiruvallur": "Thiruvallur",
  "Thoothukkudi": "Thoothukkudi",
  "Tirunelveli": "Tirunelveli",
  "Vellore": "Vellore",
  "Madurai": "Madurai",
  "Chengalpattu": "Chengalpattu",
  "Viluppuram": "Viluppuram",
  "Chennai": "Chennai",
  "Banswara": "Banswara",
  "Baran": "Baran",
  "Barmer": "Barmer",
  "BSF Camp": "BSF Camp",
  "Churu": "Churu",
  "Dausa": "Dausa",
  "Dholpur": "Dholpur",
  "Dungarpur": "Dungarpur",
  "Evacuees": "Evacuees",
  "Hanumangarh": "Hanumangarh",
  "Jaisalmer": "Jaisalmer",
  "Italians": "Italians",
  "Jalore": "Jalore",
  "Jhalawar": "Jhalawar",
  "Jhunjhunu": "Jhunjhunu",
  "Pali": "Pali",
  "Rajsamand": "Rajsamand",
  "Sirohi": "Sirohi",
  "Udaipur": "Udaipur",
  "Alwar": "Alwar",
  "Bikaner": "Bikaner",
  "Karauli": "Karauli",
  "Pratapgarh": "Pratapgarh",
  "Sawai Madhopur": "Sawai Madhopur",
  "Tonk": "Tonk",
  "Bharatpur": "Bharatpur",
  "Bhilwara": "Bhilwara",
  "Chittorgarh": "Chittorgarh",
  "Nagaur": "Nagaur",
  "Sikar": "Sikar",
  "Ajmer": "Ajmer",
  "Kota": "Kota",
  "Jodhpur": "Jodhpur",
  "Jaipur": "Jaipur",
  "Alirajpur": "Alirajpur",
  "Anuppur": "Anuppur",
  "Barwani": "Barwani",
  "Betul": "Betul",
  "Vidisha": "Vidisha",
  "Agar Malwa": "Agar Malwa",
  "Gwalior": "Gwalior",
  "Dindori": "Dindori",
  "Ashoknagar": "Ashoknagar",
  "Guna": "Guna",
  "Dhar": "Dhar",
  "Bhind": "Bhind",
  "Jhabua": "Jhabua",
  "Harda": "Harda",
  "Chhindwara": "Chhindwara",
  "Satna": "Satna",
  "Sagar": "Sagar",
  "Hoshangabad": "Hoshangabad",
  "Morena": "Morena",
  "Sehore": "Sehore",
  "Shajapur": "Shajapur",
  "Raisen": "Raisen",
  "Burhanpur": "Burhanpur",
  "Jabalpur": "Jabalpur",
  "Mandsaur": "Mandsaur",
  "Rewa": "Rewa",
  "Shahdol": "Shahdol",
  "Sheopur": "Sheopur",
  "Neemuch": "Neemuch",
  "Panna": "Panna",
  "Dewas": "Dewas",
  "Khandwa": "Khandwa",
  "Khargone": "Khargone",
  "Shivpuri": "Shivpuri",
  "Bhopal": "Bhopal",
  "Ratlam": "Ratlam",
  "Indore": "Indore",
  "Ujjain": "Ujjain",
  "Tikamgarh": "Tikamgarh",
  "Amethi": "Amethi",
  "Auraiya": "Auraiya",
  "Ayodhya": "Ayodhya",
  "Azamgarh": "Azamgarh",
  "Baghpat": "Baghpat",
  "Bahraich": "Bahraich",
  "Banda": "Banda",
  "Barabanki": "Barabanki",
  "Balrampur": "Balrampur",
  "Bhadohi": "Bhadohi",
  "Budaun": "Budaun",
  "Chitrakoot": "Chitrakoot",
  "Deoria": "Deoria",
  "Etawah": "Etawah",
  "Gonda": "Gonda",
  "Fatehpur": "Fatehpur",
  "Gorakhpur": "Gorakhpur",
  "Hapur": "Hapur",
  "Hardoi": "Hardoi",
  "Hathras": "Hathras",
  "Ghazipur": "Ghazipur",
  "Kannauj": "Kannauj",
  "Jalaun": "Jalaun",
  "Jaunpur": "Jaunpur",
  "Kasganj": "Kasganj",
  "Kaushambi": "Kaushambi",
  "Lakhimpur Kheri": "Lakhimpur Kheri",
  "Maharajganj": "Maharajganj",
  "Mahoba": "Mahoba",
  "Mau": "Mau",
  "Kushinagar": "Kushinagar",
  "Muzaffarnagar": "Muzaffarnagar",
  "Pilibhit": "Pilibhit",
  "Rae Bareli": "Rae Bareli",
  "Mirzapur": "Mirzapur",
  "Saharanpur": "Saharanpur",
  "Rampur": "Rampur",
  "Sambhal": "Sambhal",
  "Sant Kabir Nagar": "Sant Kabir Nagar",
  "Shahjahanpur": "Shahjahanpur",
  "Shamli": "Shamli",
  "Siddharthnagar": "Siddharthnagar",
  "Sitapur": "Sitapur",
  "Sultanpur": "Sultanpur",
  "Unnao": "Unnao",
  "Amroha": "Amroha",
  "Bareilly": "Bareilly",
  "Basti": "Basti",
  "Bijnor": "Bijnor",
  "Bulandshahr": "Bulandshahr",
  "Etah": "Etah",
  "Gautam Buddha Nagar": "Gautam Buddha Nagar",
  "Kanpur Dehat": "Kanpur Dehat",
  "Lucknow": "Lucknow",
  "Mainpuri": "Mainpuri",
  "Prayagraj": "Prayagraj",
  "Shrawasti": "Shrawasti",
  "Varanasi": "Varanasi",
  "Aligarh": "Aligarh",
  "Ghaziabad": "Ghaziabad",
  "Jhansi": "Jhansi",
  "Firozabad": "Firozabad",
  "Mathura": "Mathura",
  "Kanpur Nagar": "Kanpur Nagar",
  "Moradabad": "Moradabad",
  "Meerut": "Meerut",
  "Agra": "Agra",
  "Chittoor": "Chittoor",
  "Y.S.R. Kadapa": "Y.S.R. Kadapa",
  "Visakhapatnam": "Visakhapatnam",
  "East Godavari": "East Godavari",
  "S.P.S. Nellore": "S.P.S. Nellore",
  "Anantapur": "Anantapur",
  "Guntur": "Guntur",
  "Krishna": "Krishna",
  "Kurnool": "Kurnool",
  "Prakasam": "Prakasam",
  "Srikakulam": "Srikakulam",
  "Vizianagaram": "Vizianagaram",
  "West Godavari": "West Godavari",
  "Birbhum": "Birbhum",
  "Jalpaiguri": "Jalpaiguri",
  "Malda": "Malda",
  "Nadia": "Nadia",
  "Paschim Medinipur": "Paschim Medinipur",
  "Purba Bardhaman": "Purba Bardhaman",
  "Kalimpong": "Kalimpong",
  "Murshidabad": "Murshidabad",
  "South 24 Parganas": "South 24 Parganas",
  "Purba Medinipur": "Purba Medinipur",
  "Darjeeling": "Darjeeling",
  "Paschim Bardhaman": "Paschim Bardhaman",
  "Hooghly": "Hooghly",
  "Howrah": "Howrah",
  "North 24 Parganas": "North 24 Parganas",
  "Kolkata": "Kolkata",
  "Fatehgarh Sahib": "Fatehgarh Sahib",
  "Faridkot": "Faridkot",
  "Fazilka": "Fazilka",
  "Bathinda": "Bathinda",
  "Mansa": "Mansa",
  "Tarn Taran": "Tarn Taran",
  "Sangrur": "Sangrur",
  "Sri Muktsar Sahib": "Sri Muktsar Sahib",
  "Barnala": "Barnala",
  "Moga": "Moga",
  "Ferozepur": "Ferozepur",
  "Gurdaspur": "Gurdaspur",
  "Pathankot": "Pathankot",
  "Rupnagar": "Rupnagar",
  "Shahid Bhagat Singh Nagar": "Shahid Bhagat Singh Nagar",
  "Kapurthala": "Kapurthala",
  "Patiala": "Patiala",
  "Amritsar": "Amritsar",
  "S.A.S. Nagar": "S.A.S. Nagar",
  "Hoshiarpur": "Hoshiarpur",
  "Jalandhar": "Jalandhar",
  "Ludhiana": "Ludhiana",
  "Adilabad": "Adilabad",
  "Kamareddy": "Kamareddy",
  "Jagtial": "Jagtial",
  "Bhadradri Kothagudem": "Bhadradri Kothagudem",
  "Jangaon": "Jangaon",
  "Jayashankar Bhupalapally": "Jayashankar Bhupalapally",
  "Karimnagar": "Karimnagar",
  "Khammam": "Khammam",
  "Komaram Bheem": "Komaram Bheem",
  "Medak": "Medak",
  "Mulugu": "Mulugu",
  "Nagarkurnool": "Nagarkurnool",
  "Mahabubabad": "Mahabubabad",
  "Nalgonda": "Nalgonda",
  "Mahabubnagar": "Mahabubnagar",
  "Nirmal": "Nirmal",
  "Nizamabad": "Nizamabad",
  "Peddapalli": "Peddapalli",
  "Rajanna Sircilla": "Rajanna Sircilla",
  "Sangareddy": "Sangareddy",
  "Siddipet": "Siddipet",
  "Suryapet": "Suryapet",
  "Warangal Urban": "Warangal Urban",
  "Jogulamba Gadwal": "Jogulamba Gadwal",
  "Medchal Malkajgiri": "Medchal Malkajgiri",
  "Narayanpet": "Narayanpet",
  "Mancherial": "Mancherial",
  "Vikarabad": "Vikarabad",
  "Ranga Reddy": "Ranga Reddy",
  "Hyderabad": "Hyderabad",
  "Kulgam": "Kulgam",
  "Kupwara": "Kupwara",
  "Budgam": "Budgam",
  "Kishtwar": "Kishtwar",
  "Pulwama": "Pulwama",
  "Rajouri": "Rajouri",
  "Ganderbal": "Ganderbal",
  "Ramban": "Ramban",
  "Reasi": "Reasi",
  "Samba": "Samba",
  "Shopiyan": "Shopiyan",
  "Jammu": "Jammu",
  "Udhampur": "Udhampur",
  "Kathua": "Kathua",
  "Anantnag": "Anantnag",
  "Bandipora": "Bandipora",
  "Baramulla": "Baramulla",
  "Srinagar": "Srinagar",
  "Ballari": "Ballari",
  "Bengaluru Rural": "Bengaluru Rural",
  "Chitradurga": "Chitradurga",
  "Kodagu": "Kodagu",
  "Mandya": "Mandya",
  "Dharwad": "Dharwad",
  "Mysuru": "Mysuru",
  "Haveri": "Haveri",
  "Udupi": "Udupi",
  "Uttara Kannada": "Uttara Kannada",
  "Bagalkote": "Bagalkote",
  "Belagavi": "Belagavi",
  "Bidar": "Bidar",
  "Gadag": "Gadag",
  "Chikkaballapura": "Chikkaballapura",
  "Tumakuru": "Tumakuru",
  "Dakshina Kannada": "Dakshina Kannada",
  "Davanagere": "Davanagere",
  "Vijayapura": "Vijayapura",
  "Bengaluru Urban": "Bengaluru Urban",
  "Kalaburagi": "Kalaburagi",
  "Bhiwani": "Bhiwani",
  "Charkhi Dadri": "Charkhi Dadri",
  "Gurugram": "Gurugram",
  "Hisar": "Hisar",
  "Jhajjar": "Jhajjar",
  "Fatehabad": "Fatehabad",
  "Mahendragarh": "Mahendragarh",
  "Kaithal": "Kaithal",
  "Kurukshetra": "Kurukshetra",
  "Nuh": "Nuh",
  "Jind": "Jind",
  "Rewari": "Rewari",
  "Sirsa": "Sirsa",
  "Palwal": "Palwal",
  "Panchkula": "Panchkula",
  "Sonipat": "Sonipat",
  "Yamunanagar": "Yamunanagar",
  "Karnal": "Karnal",
  "Rohtak": "Rohtak",
  "Ambala": "Ambala",
  "Faridabad": "Faridabad",
  "Panipat": "Panipat",
  "Araria": "Araria",
  "Buxar": "Buxar",
  "Bhagalpur": "Bhagalpur",
  "Bhojpur": "Bhojpur",
  "Begusarai": "Begusarai",
  "Darbhanga": "Darbhanga",
  "Gaya": "Gaya",
  "Gopalganj": "Gopalganj",
  "Banka": "Banka",
  "Jehanabad": "Jehanabad",
  "Kaimur": "Kaimur",
  "Katihar": "Katihar",
  "Khagaria": "Khagaria",
  "Kishanganj": "Kishanganj",
  "Arwal": "Arwal",
  "Madhepura": "Madhepura",
  "Lakhisarai": "Lakhisarai",
  "Muzaffarpur": "Muzaffarpur",
  "Madhubani": "Madhubani",
  "Nalanda": "Nalanda",
  "Nawada": "Nawada",
  "Patna": "Patna",
  "Purnia": "Purnia",
  "Saran": "Saran",
  "Sheikhpura": "Sheikhpura",
  "Siwan": "Siwan",
  "Supaul": "Supaul",
  "Samastipur": "Samastipur",
  "West Champaran": "West Champaran",
  "Saharsa": "Saharsa",
  "Munger": "Munger",
  "Rohtas": "Rohtas",
  "Sitamarhi": "Sitamarhi",
  "East Champaran": "East Champaran",
  "Sheohar": "Sheohar",
  "Vaishali": "Vaishali",
  "Alappuzha": "Alappuzha",
  "Idukki": "Idukki",
  "Kasaragod": "Kasaragod",
  "Kollam": "Kollam",
  "Kottayam": "Kottayam",
  "Wayanad": "Wayanad",
  "Pathanamthitta": "Pathanamthitta",
  "Palakkad": "Palakkad",
  "Kozhikode": "Kozhikode",
  "Thrissur": "Thrissur",
  "Ernakulam": "Ernakulam",
  "Kannur": "Kannur",
  "Malappuram": "Malappuram",
  "Thiruvananthapuram": "Thiruvananthapuram",
  "Balangir": "Balangir",
  "Balasore": "Balasore",
  "Bhadrak": "Bhadrak",
  "Cuttack": "Cuttack",
  "Deogarh": "Deogarh",
  "Dhenkanal": "Dhenkanal",
  "Ganjam": "Ganjam",
  "Jagatsinghpur": "Jagatsinghpur",
  "Jajpur": "Jajpur",
  "Jharsuguda": "Jharsuguda",
  "Kendrapara": "Kendrapara",
  "Kalahandi": "Kalahandi",
  "Kendujhar": "Kendujhar",
  "Koraput": "Koraput",
  "Nayagarh": "Nayagarh",
  "Mayurbhanj": "Mayurbhanj",
  "Puri": "Puri",
  "Sundargarh": "Sundargarh",
  "Khordha": "Khordha",
  "Deoghar": "Deoghar",
  "Garhwa": "Garhwa",
  "Ranchi": "Ranchi",
  "Dhanbad": "Dhanbad",
  "Giridih": "Giridih",
  "Hazaribagh": "Hazaribagh",
  "Koderma": "Koderma",
  "Jamtara": "Jamtara",
  "Dumka": "Dumka",
  "Simdega": "Simdega",
  "Palamu": "Palamu",
  "Godda": "Godda",
  "Bokaro": "Bokaro",
  "Dhalai": "Dhalai",
  "Gomati": "Gomati",
  "North Tripura": "North Tripura",
  "Almora": "Almora",
  "Haridwar": "Haridwar",
  "Nainital": "Nainital",
  "Pauri Garhwal": "Pauri Garhwal",
  "Udham Singh Nagar": "Udham Singh Nagar",
  "Dehradun": "Dehradun",
  "Bongaigaon": "Bongaigaon",
  "Goalpara": "Goalpara",
  "Golaghat": "Golaghat",
  "Dhubri": "Dhubri",
  "Kamrup": "Kamrup",
  "Kokrajhar": "Kokrajhar",
  "Karimganj": "Karimganj",
  "Cachar": "Cachar",
  "Lakhimpur": "Lakhimpur",
  "Morigaon": "Morigaon",
  "Nalbari": "Nalbari",
  "South Salmara Mankachar": "South Salmara Mankachar",
  "Hailakandi": "Hailakandi",
  "Kamrup Metropolitan": "Kamrup Metropolitan",
  "Bilaspur": "Bilaspur",
  "Durg": "Durg",
  "Raipur": "Raipur",
  "Korba": "Korba",
  "Kabeerdham": "Kabeerdham",
  "Rajnandgaon": "Rajnandgaon",
  "Surajpur": "Surajpur",
  "Chamba": "Chamba",
  "Hamirpur": "Hamirpur",
  "Sirmaur": "Sirmaur",
  "Shimla": "Shimla",
  "Mandi": "Mandi",
  "Solan": "Solan",
  "Una": "Una",
  "Kangra": "Kangra",
  "Kargil": "Kargil",
  "Leh": "Leh",
  "North and Middle Andaman": "North and Middle Andaman",
  "South Andaman": "South Andaman",
  "East Khasi Hills": "East Khasi Hills",
  "Mahe": "Mahe",
  "North Goa": "North Goa",
  "South Goa": "South Goa",
  "Imphal East": "Imphal East",
  "Imphal West": "Imphal West",
  "Aizawl": "Aizawl",
  "Lohit": "Lohit",
  "Dadra and Nagar Haveli": "Dadra and Nagar Haveli",
  "per million": "per million",
  "Rajgarh": "Rajgarh",
  "Home": "Home",
  "A crowdsourced initiative.": "A crowdsourced initiative.",
  "[10-May]<br>\n- Total numbers are updated to the final figure reported for 10th May. <br>\n- 665 cases added by MH govt. on 10th May due to data cleaning <br>\n- 143 cases added by MH govt. on 5th May due to data cleaning <br>\n- 796 cases added by MH govt. on 4th May due to data cleaning <br>": "[10-May]<br>\n- Total numbers are updated to the final figure reported for 10th May. <br>\n- 665 cases added by MH govt. on 10th May due to data cleaning <br>\n- 143 cases added by MH govt. on 5th May due to data cleaning <br>\n- 796 cases added by MH govt. on 4th May due to data cleaning <br>",
  "[10-May]<br>\n\nDelhi will be releasing bulletins in the morning, containing data of the previous day. We will add that data to the date on which the report is released, rather than the previous day.": "[10-May]<br>\n\nDelhi will be releasing bulletins in the morning, containing data of the previous day. We will add that data to the date on which the report is released, rather than the previous day.",
  "Wardha": "Wardha",
  "Gadchiroli": "Gadchiroli",
  "Mumbai Suburban": "Mumbai Suburban",
  "Amreli": "Amreli",
  "Airport Quarantine": "Airport Quarantine",
  "Bundi": "Bundi",
  "Ganganagar": "Ganganagar",
  "Mandla": "Mandla",
  "Seoni": "Seoni",
  "Sidhi": "Sidhi",
  "Balaghat": "Balaghat",
  "Chhatarpur": "Chhatarpur",
  "Damoh": "Damoh",
  "Datia": "Datia",
  "Katni": "Katni",
  "Narsinghpur": "Narsinghpur",
  "Niwari": "Niwari",
  "Other Region": "Other Region",
  "Singrauli": "Singrauli",
  "Umaria": "Umaria",
  "Farrukhabad": "Farrukhabad",
  "Ambedkar Nagar": "Ambedkar Nagar",
  "Ballia": "Ballia",
  "Lalitpur": "Lalitpur",
  "Sonbhadra": "Sonbhadra",
  "Chandauli": "Chandauli",
  "Jhargram": "Jhargram",
  "Uttar Dinajpur": "Uttar Dinajpur",
  "Alipurduar": "Alipurduar",
  "Bankura": "Bankura",
  "Cooch Behar": "Cooch Behar",
  "Dakshin Dinajpur": "Dakshin Dinajpur",
  "Purulia": "Purulia",
  "Yadadri Bhuvanagiri": "Yadadri Bhuvanagiri",
  "Wanaparthy": "Wanaparthy",
  "Warangal Rural": "Warangal Rural",
  "Doda": "Doda",
  "Mirpur": "Mirpur",
  "Muzaffarabad": "Muzaffarabad",
  "Punch": "Punch",
  "Shivamogga": "Shivamogga",
  "Hassan": "Hassan",
  "Kolar": "Kolar",
  "Yadgir": "Yadgir",
  "Chamarajanagara": "Chamarajanagara",
  "Chikkamagaluru": "Chikkamagaluru",
  "Koppal": "Koppal",
  "Raichur": "Raichur",
  "Ramanagara": "Ramanagara",
  "Jamui": "Jamui",
  "Daman": "Daman",
  "Diu": "Diu",
  "Anjaw": "Anjaw",
  "Changlang": "Changlang",
  "East Siang": "East Siang",
  "East Kameng": "East Kameng",
  "Kamle": "Kamle",
  "Kra Daadi": "Kra Daadi",
  "Kurung Kumey": "Kurung Kumey",
  "Lepa Rada": "Lepa Rada",
  "Longding": "Longding",
  "Lower Dibang Valley": "Lower Dibang Valley",
  "Lower Siang": "Lower Siang",
  "Lower Subansiri": "Lower Subansiri",
  "Namsai": "Namsai",
  "Pakke Kessang": "Pakke Kessang",
  "Papum Pare": "Papum Pare",
  "Shi Yomi": "Shi Yomi",
  "Siang": "Siang",
  "Upper Subansiri": "Upper Subansiri",
  "Tawang": "Tawang",
  "Tirap": "Tirap",
  "Upper Dibang Valley": "Upper Dibang Valley",
  "Upper Siang": "Upper Siang",
  "West Kameng": "West Kameng",
  "West Siang": "West Siang",
  "Champhai": "Champhai",
  "Hnahthial": "Hnahthial",
  "Khawzawl": "Khawzawl",
  "Kolasib": "Kolasib",
  "Lawngtlai": "Lawngtlai",
  "Lunglei": "Lunglei",
  "Mamit": "Mamit",
  "Saiha": "Saiha",
  "Saitual": "Saitual",
  "Serchhip": "Serchhip",
  "Bishnupur": "Bishnupur",
  "Chandel": "Chandel",
  "Churachandpur": "Churachandpur",
  "Jiribam": "Jiribam",
  "Kakching": "Kakching",
  "Kamjong": "Kamjong",
  "Kangpokpi": "Kangpokpi",
  "Noney": "Noney",
  "Pherzawl": "Pherzawl",
  "Senapati": "Senapati",
  "Tamenglong": "Tamenglong",
  "Tengnoupal": "Tengnoupal",
  "Thoubal": "Thoubal",
  "Ukhrul": "Ukhrul",
  "Karaikal": "Karaikal",
  "Yanam": "Yanam",
  "East Garo Hills": "East Garo Hills",
  "East Jaintia Hills": "East Jaintia Hills",
  "North Garo Hills": "North Garo Hills",
  "Ribhoi": "Ribhoi",
  "South Garo Hills": "South Garo Hills",
  "West Garo Hills": "West Garo Hills",
  "South West Garo Hills": "South West Garo Hills",
  "South West Khasi Hills": "South West Khasi Hills",
  "West Jaintia Hills": "West Jaintia Hills",
  "West Khasi Hills": "West Khasi Hills",
  "Nicobars": "Nicobars",
  "Balod": "Balod",
  "Baloda Bazar": "Baloda Bazar",
  "Bametara": "Bametara",
  "Bastar": "Bastar",
  "Bijapur": "Bijapur",
  "Dakshin Bastar Dantewada": "Dakshin Bastar Dantewada",
  "Dhamtari": "Dhamtari",
  "Gariaband": "Gariaband",
  "Janjgir Champa": "Janjgir Champa",
  "Jashpur": "Jashpur",
  "Kondagaon": "Kondagaon",
  "Koriya": "Koriya",
  "Mahasamund": "Mahasamund",
  "Mungeli": "Mungeli",
  "Narayanpur": "Narayanpur",
  "Raigarh": "Raigarh",
  "Sukma": "Sukma",
  "Surguja": "Surguja",
  "Uttar Bastar Kanker": "Uttar Bastar Kanker",
  "Jorhat": "Jorhat",
  "Baksa": "Baksa",
  "Barpeta": "Barpeta",
  "Biswanath": "Biswanath",
  "Charaideo": "Charaideo",
  "Chirang": "Chirang",
  "Darrang": "Darrang",
  "Dhemaji": "Dhemaji",
  "Dibrugarh": "Dibrugarh",
  "Dima Hasao": "Dima Hasao",
  "Hojai": "Hojai",
  "Karbi Anglong": "Karbi Anglong",
  "Majuli": "Majuli",
  "Nagaon": "Nagaon",
  "Sivasagar": "Sivasagar",
  "Sonitpur": "Sonitpur",
  "Tinsukia": "Tinsukia",
  "Udalguri": "Udalguri",
  "West Karbi Anglong": "West Karbi Anglong",
  "Kinnaur": "Kinnaur",
  "Kullu": "Kullu",
  "Lahaul and Spiti": "Lahaul and Spiti",
  "Uttarkashi": "Uttarkashi",
  "Bageshwar": "Bageshwar",
  "Chamoli": "Chamoli",
  "Champawat": "Champawat",
  "Pithoragarh": "Pithoragarh",
  "Rudraprayag": "Rudraprayag",
  "Tehri Garhwal": "Tehri Garhwal",
  "Khowai": "Khowai",
  "Sipahijala": "Sipahijala",
  "South Tripura": "South Tripura",
  "Unokoti": "Unokoti",
  "West Tripura": "West Tripura",
  "Chatra": "Chatra",
  "East Singhbhum": "East Singhbhum",
  "Gumla": "Gumla",
  "Khunti": "Khunti",
  "Latehar": "Latehar",
  "Lohardaga": "Lohardaga",
  "Pakur": "Pakur",
  "Ramgarh": "Ramgarh",
  "Sahibganj": "Sahibganj",
  "Saraikela-Kharsawan": "Saraikela-Kharsawan",
  "West Singhbhum": "West Singhbhum",
  "Angul": "Angul",
  "Boudh": "Boudh",
  "Bargarh": "Bargarh",
  "Gajapati": "Gajapati",
  "Kandhamal": "Kandhamal",
  "Malkangiri": "Malkangiri",
  "Nabarangapur": "Nabarangapur",
  "Nuapada": "Nuapada",
  "Rayagada": "Rayagada",
  "Sambalpur": "Sambalpur",
  "Subarnapur": "Subarnapur"
}
